{
    "paris": {
        "coord": {
            "lon": 2.3488,
            "lat": 48.8534
        },
        "weather": [
            {
                "id": 800,
                "main": "Clear",
                "description": "clear sky",
                "icon": "01d"
            }
        ],
        "base": "stations",
        "main": {
            "temp": 294.38,
            "feels_like": 293.94,
            "temp_min": 293.79,
            "temp_max": 296.13,
            "pressure": 1012,
            "humidity": 53,
            "sea_level": 1012,
            "grnd_level": 1003
        },
        "visibility": 10000,
        "wind": {
            "speed": 6.17,
            "deg": 250
        },
        "clouds": {
            "all": 0
        },
        "dt": 1757005369,
        "sys": {
            "type": 2,
            "id": 2012208,
            "country": "FR",
            "sunrise": 1756962709,
            "sunset": 1757010472
        },
        "timezone": 7200,
        "id": 2988507,
        "name": "Paris",
        "cod": 200
    },
    "london": {
        "coord": {
            "lon": -0.1257,
            "lat": 51.5085
        },
        "weather": [
            {
                "id": 801,
                "main": "Clouds",
                "description": "few clouds",
                "icon": "02d"
            }
        ],
        "base": "stations",
        "main": {
            "temp": 292.43,
            "feels_like": 291.98,
            "temp_min": 291.53,
            "temp_max": 293.16,
            "pressure": 1008,
            "humidity": 60,
            "sea_level": 1008,
            "grnd_level": 1004
        },
        "visibility": 10000,
        "wind": {
            "speed": 7.2,
            "deg": 260
        },
        "clouds": {
            "all": 20
        },
        "dt": 1757005847,
        "sys": {
            "type": 2,
            "id": 2075535,
            "country": "GB",
            "sunrise": 1756963088,
            "sunset": 1757011280
        },
        "timezone": 3600,
        "id": 2643743,
        "name": "London",
        "cod": 200
    },
    "washington": {
        "coord": {
            "lon": -120.5015,
            "lat": 47.5001
        },
        "weather": [
            {
                "id": 803,
                "main": "Clouds",
                "description": "broken clouds",
                "icon": "04d"
            }
        ],
        "base": "stations",
        "main": {
            "temp": 305.18,
            "feels_like": 312.18,
            "temp_min": 305.18,
            "temp_max": 306.69,
            "pressure": 1011,
            "humidity": 68,
            "sea_level": 1011,
            "grnd_level": 929
        },
        "visibility": 10000,
        "wind": {
            "speed": 0.84,
            "deg": 22,
            "gust": 0.8
        },
        "clouds": {
            "all": 64
        },
        "dt": 1757005443,
        "sys": {
            "type": 2,
            "id": 2086655,
            "country": "US",
            "sunrise": 1756992321,
            "sunset": 1757039814
        },
        "timezone": -25200,
        "id": 5815135,
        "name": "Washington",
        "cod": 200
    },
    "belo horizonte": {
        "coord": {
            "lon": -43.9378,
            "lat": -19.9208
        },
        "weather": [
            {
                "id": 801,
                "main": "Clouds",
                "description": "few clouds",
                "icon": "02d"
            }
        ],
        "base": "stations",
        "main": {
            "temp": 297.3,
            "feels_like": 296.84,
            "temp_min": 296.01,
            "temp_max": 297.83,
            "pressure": 1022,
            "humidity": 41,
            "sea_level": 1022,
            "grnd_level": 910
        },
        "visibility": 10000,
        "wind": {
            "speed": 3.6,
            "deg": 80
        },
        "clouds": {
            "all": 20
        },
        "dt": 1757005336,
        "sys": {
            "type": 2,
            "id": 2086218,
            "country": "BR",
            "sunrise": 1756976501,
            "sunset": 1757018892
        },
        "timezone": -10800,
        "id": 3470127,
        "name": "Belo Horizonte",
        "cod": 200
    }
}