{
    "paris": {
        "coord": {
            "lon": 2.3488,
            "lat": 48.8534
        },
        "weather": [
            {
                "id": 800,
                "main": "Clear",
                "description": "clear sky",
                "icon": "01d"
            }
        ],
        "base": "stations",
        "main": {
            "temp": 293.94,
            "feels_like": 293.54,
            "temp_min": 293.03,
            "temp_max": 295.58,
            "pressure": 1012,
            "humidity": 56,
            "sea_level": 1012,
            "grnd_level": 1003
        },
        "visibility": 10000,
        "wind": {
            "speed": 6.69,
            "deg": 250
        },
        "clouds": {
            "all": 0
        },
        "dt": 1757006982,
        "sys": {
            "type": 2,
            "id": 2012208,
            "country": "FR",
            "sunrise": 1756962709,
            "sunset": 1757010472
        },
        "timezone": 7200,
        "id": 2988507,
        "name": "Paris",
        "cod": 200
    },
    "london": {
        "coord": {
            "lon": -0.1257,
            "lat": 51.5085
        },
        "weather": [
            {
                "id": 801,
                "main": "Clouds",
                "description": "few clouds",
                "icon": "02d"
            }
        ],
        "base": "stations",
        "main": {
            "temp": 292.64,
            "feels_like": 292.16,
            "temp_min": 291.92,
            "temp_max": 293.25,
            "pressure": 1008,
            "humidity": 58,
            "sea_level": 1008,
            "grnd_level": 1004
        },
        "visibility": 10000,
        "wind": {
            "speed": 7.2,
            "deg": 260
        },
        "clouds": {
            "all": 20
        },
        "dt": 1757006664,
        "sys": {
            "type": 2,
            "id": 268730,
            "country": "GB",
            "sunrise": 1756963088,
            "sunset": 1757011280
        },
        "timezone": 3600,
        "id": 2643743,
        "name": "London",
        "cod": 200
    },
    "washington": {
        "coord": {
            "lon": -120.5015,
            "lat": 47.5001
        },
        "weather": [
            {
                "id": 803,
                "main": "Clouds",
                "description": "broken clouds",
                "icon": "04d"
            }
        ],
        "base": "stations",
        "main": {
            "temp": 306.84,
            "feels_like": 310.24,
            "temp_min": 306.13,
            "temp_max": 306.84,
            "pressure": 1011,
            "humidity": 48,
            "sea_level": 1011,
            "grnd_level": 929
        },
        "visibility": 10000,
        "wind": {
            "speed": 0.95,
            "deg": 80,
            "gust": 0.55
        },
        "clouds": {
            "all": 70
        },
        "dt": 1757007483,
        "sys": {
            "type": 2,
            "id": 2086655,
            "country": "US",
            "sunrise": 1756992321,
            "sunset": 1757039814
        },
        "timezone": -25200,
        "id": 5815135,
        "name": "Washington",
        "cod": 200
    },
    "belo horizonte": {
        "coord": {
            "lon": -43.9378,
            "lat": -19.9208
        },
        "weather": [
            {
                "id": 801,
                "main": "Clouds",
                "description": "few clouds",
                "icon": "02d"
            }
        ],
        "base": "stations",
        "main": {
            "temp": 297.73,
            "feels_like": 297.29,
            "temp_min": 297.01,
            "temp_max": 297.83,
            "pressure": 1020,
            "humidity": 40,
            "sea_level": 1020,
            "grnd_level": 909
        },
        "visibility": 10000,
        "wind": {
            "speed": 3.09,
            "deg": 120
        },
        "clouds": {
            "all": 20
        },
        "dt": 1757007192,
        "sys": {
            "type": 2,
            "id": 2086218,
            "country": "BR",
            "sunrise": 1756976501,
            "sunset": 1757018892
        },
        "timezone": -10800,
        "id": 3470127,
        "name": "Belo Horizonte",
        "cod": 200
    }
}