{
    "paris": {
        "coord": {
            "lon": 2.3488,
            "lat": 48.8534
        },
        "weather": [
            {
                "id": 801,
                "main": "Clouds",
                "description": "few clouds",
                "icon": "02d"
            }
        ],
        "base": "stations",
        "main": {
            "temp": 295.54,
            "feels_like": 295.14,
            "temp_min": 295.03,
            "temp_max": 296.25,
            "pressure": 1012,
            "humidity": 50,
            "sea_level": 1012,
            "grnd_level": 1002
        },
        "visibility": 10000,
        "wind": {
            "speed": 6.69,
            "deg": 250
        },
        "clouds": {
            "all": 20
        },
        "dt": 1757001405,
        "sys": {
            "type": 1,
            "id": 6550,
            "country": "FR",
            "sunrise": 1756962709,
            "sunset": 1757010472
        },
        "timezone": 7200,
        "id": 2988507,
        "name": "Paris",
        "cod": 200
    },
    "london": {
        "coord": {
            "lon": -0.1257,
            "lat": 51.5085
        },
        "weather": [
            {
                "id": 801,
                "main": "Clouds",
                "description": "few clouds",
                "icon": "02d"
            }
        ],
        "base": "stations",
        "main": {
            "temp": 292.3,
            "feels_like": 291.86,
            "temp_min": 291.49,
            "temp_max": 293.58,
            "pressure": 1007,
            "humidity": 61,
            "sea_level": 1007,
            "grnd_level": 1003
        },
        "visibility": 10000,
        "wind": {
            "speed": 5.14,
            "deg": 250
        },
        "clouds": {
            "all": 20
        },
        "dt": 1757001380,
        "sys": {
            "type": 2,
            "id": 2075535,
            "country": "GB",
            "sunrise": 1756963088,
            "sunset": 1757011280
        },
        "timezone": 3600,
        "id": 2643743,
        "name": "London",
        "cod": 200
    },
    "washington": {
        "coord": {
            "lon": -120.5015,
            "lat": 47.5001
        },
        "weather": [
            {
                "id": 803,
                "main": "Clouds",
                "description": "broken clouds",
                "icon": "04d"
            }
        ],
        "base": "stations",
        "main": {
            "temp": 304.07,
            "feels_like": 307.83,
            "temp_min": 294.37,
            "temp_max": 304.07,
            "pressure": 1012,
            "humidity": 60,
            "sea_level": 1012,
            "grnd_level": 930
        },
        "visibility": 10000,
        "wind": {
            "speed": 1.06,
            "deg": 356,
            "gust": 1.26
        },
        "clouds": {
            "all": 55
        },
        "dt": 1757001398,
        "sys": {
            "type": 2,
            "id": 2086655,
            "country": "US",
            "sunrise": 1756992321,
            "sunset": 1757039814
        },
        "timezone": -25200,
        "id": 5815135,
        "name": "Washington",
        "cod": 200
    },
    "belo horizonte": {
        "coord": {
            "lon": -43.9378,
            "lat": -19.9208
        },
        "weather": [
            {
                "id": 801,
                "main": "Clouds",
                "description": "few clouds",
                "icon": "02d"
            }
        ],
        "base": "stations",
        "main": {
            "temp": 295.92,
            "feels_like": 295.38,
            "temp_min": 295.01,
            "temp_max": 296.16,
            "pressure": 1022,
            "humidity": 43,
            "sea_level": 1022,
            "grnd_level": 911
        },
        "visibility": 10000,
        "wind": {
            "speed": 4.92,
            "deg": 16,
            "gust": 6.71
        },
        "clouds": {
            "all": 20
        },
        "dt": 1757001338,
        "sys": {
            "type": 2,
            "id": 2086218,
            "country": "BR",
            "sunrise": 1756976501,
            "sunset": 1757018892
        },
        "timezone": -10800,
        "id": 3470127,
        "name": "Belo Horizonte",
        "cod": 200
    }
}