temperature,pression,temp_lag_1,temp_lag_2,temp_lag_3,city_Belo Horizonte,city_London,city_Paris,city_Washington
296.98,1020,296.98,296.98,295.92,True,False,False,False
296.98,1020,296.98,296.98,296.98,True,False,False,False
296.98,1020,296.98,296.98,296.98,True,False,False,False
296.98,1020,296.98,296.98,296.98,True,False,False,False
297.3,1020,296.98,296.98,296.98,True,False,False,False
296.98,1020,297.3,296.98,296.98,True,False,False,False
297.3,1022,296.98,297.3,296.98,True,False,False,False
297.3,1022,297.3,296.98,297.3,True,False,False,False
297.3,1022,297.3,297.3,296.98,True,False,False,False
297.3,1022,297.3,297.3,297.3,True,False,False,False
297.3,1022,297.3,297.3,297.3,True,False,False,False
298.39,1022,297.3,297.3,297.3,True,False,False,False
298.39,1022,298.39,297.3,297.3,True,False,False,False
298.39,1022,298.39,298.39,297.3,True,False,False,False
297.41,1020,298.39,298.39,298.39,True,False,False,False
297.41,1020,297.41,298.39,298.39,True,False,False,False
297.41,1020,297.41,297.41,298.39,True,False,False,False
297.41,1020,297.41,297.41,297.41,True,False,False,False
297.73,1020,297.41,297.41,297.41,True,False,False,False
297.73,1020,297.73,297.41,297.41,True,False,False,False
297.73,1020,297.73,297.73,297.41,True,False,False,False
297.73,1020,297.73,297.73,297.73,True,False,False,False
297.73,1020,297.73,297.73,297.73,True,False,False,False
297.73,1020,297.73,297.73,297.73,True,False,False,False
297.73,1020,297.73,297.73,297.73,True,False,False,False
297.73,1020,297.73,297.73,297.73,True,False,False,False
297.41,1020,297.73,297.73,297.73,True,False,False,False
297.41,1020,297.41,297.73,297.73,True,False,False,False
297.41,1020,297.41,297.41,297.73,True,False,False,False
298.05,1020,297.41,297.41,297.41,True,False,False,False
292.29,1008,292.55,292.55,292.3,False,True,False,False
292.39,1008,292.29,292.55,292.55,False,True,False,False
292.39,1008,292.39,292.29,292.55,False,True,False,False
292.39,1008,292.39,292.39,292.29,False,True,False,False
292.3,1008,292.39,292.39,292.39,False,True,False,False
292.42,1008,292.3,292.39,292.39,False,True,False,False
292.33,1008,292.42,292.3,292.39,False,True,False,False
292.33,1008,292.33,292.42,292.3,False,True,False,False
292.33,1008,292.33,292.33,292.42,False,True,False,False
292.33,1008,292.33,292.33,292.33,False,True,False,False
292.43,1008,292.33,292.33,292.33,False,True,False,False
292.3,1008,292.43,292.33,292.33,False,True,False,False
292.3,1008,292.3,292.43,292.33,False,True,False,False
292.42,1008,292.3,292.3,292.43,False,True,False,False
292.42,1008,292.42,292.3,292.3,False,True,False,False
292.42,1008,292.42,292.42,292.3,False,True,False,False
292.42,1008,292.42,292.42,292.42,False,True,False,False
292.42,1008,292.42,292.42,292.42,False,True,False,False
292.42,1008,292.42,292.42,292.42,False,True,False,False
292.51,1008,292.42,292.42,292.42,False,True,False,False
292.51,1008,292.51,292.42,292.42,False,True,False,False
292.64,1008,292.51,292.51,292.42,False,True,False,False
292.64,1008,292.64,292.51,292.51,False,True,False,False
292.64,1008,292.64,292.64,292.51,False,True,False,False
292.48,1009,292.64,292.64,292.64,False,True,False,False
292.01,1009,292.48,292.64,292.64,False,True,False,False
292.01,1009,292.01,292.48,292.64,False,True,False,False
292.01,1009,292.01,292.01,292.48,False,True,False,False
292.01,1009,292.01,292.01,292.01,False,True,False,False
292.01,1009,292.01,292.01,292.01,False,True,False,False
295.29,1012,294.79,294.74,295.54,False,False,True,False
294.93,1012,295.29,294.79,294.74,False,False,True,False
294.93,1012,294.93,295.29,294.79,False,False,True,False
294.93,1012,294.93,294.93,295.29,False,False,True,False
294.91,1012,294.93,294.93,294.93,False,False,True,False
294.91,1012,294.91,294.93,294.93,False,False,True,False
294.38,1012,294.91,294.91,294.93,False,False,True,False
294.38,1012,294.38,294.91,294.91,False,False,True,False
294.38,1012,294.38,294.38,294.91,False,False,True,False
294.38,1012,294.38,294.38,294.38,False,False,True,False
294.38,1012,294.38,294.38,294.38,False,False,True,False
294.38,1012,294.38,294.38,294.38,False,False,True,False
294.38,1012,294.38,294.38,294.38,False,False,True,False
294.38,1012,294.38,294.38,294.38,False,False,True,False
294.38,1012,294.38,294.38,294.38,False,False,True,False
294.38,1012,294.38,294.38,294.38,False,False,True,False
294.38,1012,294.38,294.38,294.38,False,False,True,False
294.38,1012,294.38,294.38,294.38,False,False,True,False
293.92,1012,294.38,294.38,294.38,False,False,True,False
293.92,1012,293.92,294.38,294.38,False,False,True,False
293.92,1012,293.92,293.92,294.38,False,False,True,False
293.94,1012,293.92,293.92,293.92,False,False,True,False
293.94,1012,293.94,293.92,293.92,False,False,True,False
293.94,1012,293.94,293.94,293.92,False,False,True,False
293.75,1013,293.94,293.94,293.94,False,False,True,False
293.75,1013,293.75,293.94,293.94,False,False,True,False
293.75,1013,293.75,293.75,293.94,False,False,True,False
293.31,1013,293.75,293.75,293.75,False,False,True,False
293.31,1013,293.31,293.75,293.75,False,False,True,False
293.02,1013,293.31,293.31,293.75,False,False,True,False
304.62,1011,304.62,304.62,304.07,False,False,False,True
305.18,1011,304.62,304.62,304.62,False,False,False,True
305.18,1011,305.18,304.62,304.62,False,False,False,True
305.18,1011,305.18,305.18,304.62,False,False,False,True
305.18,1011,305.18,305.18,305.18,False,False,False,True
305.18,1011,305.18,305.18,305.18,False,False,False,True
305.18,1011,305.18,305.18,305.18,False,False,False,True
305.18,1011,305.18,305.18,305.18,False,False,False,True
305.18,1011,305.18,305.18,305.18,False,False,False,True
305.18,1011,305.18,305.18,305.18,False,False,False,True
305.18,1011,305.18,305.18,305.18,False,False,False,True
305.18,1011,305.18,305.18,305.18,False,False,False,True
305.18,1011,305.18,305.18,305.18,False,False,False,True
305.18,1011,305.18,305.18,305.18,False,False,False,True
305.18,1011,305.18,305.18,305.18,False,False,False,True
305.18,1011,305.18,305.18,305.18,False,False,False,True
305.18,1011,305.18,305.18,305.18,False,False,False,True
305.73,1011,305.18,305.18,305.18,False,False,False,True
305.73,1011,305.73,305.18,305.18,False,False,False,True
305.73,1011,305.73,305.73,305.18,False,False,False,True
305.73,1011,305.73,305.73,305.73,False,False,False,True
306.84,1011,305.73,305.73,305.73,False,False,False,True
306.84,1011,306.84,305.73,305.73,False,False,False,True
306.84,1011,306.84,306.84,305.73,False,False,False,True
306.84,1011,306.84,306.84,306.84,False,False,False,True
306.84,1011,306.84,306.84,306.84,False,False,False,True
306.84,1011,306.84,306.84,306.84,False,False,False,True
306.84,1011,306.84,306.84,306.84,False,False,False,True
306.84,1011,306.84,306.84,306.84,False,False,False,True
307.4,1011,306.84,306.84,306.84,False,False,False,True
